{ 
    "_id" : ObjectId("5c4ac4d8e39d3efadf6afcb4"), 
    "scaleDenominators" : [
        295829355.454566, 
        147914677.727283, 
        73957338.8636415, 
        36978669.43182075, 
        18489334.715910375, 
        9244667.357955188, 
        4622333.678977594, 
        2311166.839488797, 
        1155583.4197443984, 
        577791.7098721992, 
        288895.8549360996, 
        144447.9274680498, 
        72223.9637340249, 
        36111.98186701245, 
        18055.990933506226, 
        9027.995466753113, 
        4513.997733376556, 
        2256.998866688278, 
        1128.499433344139, 
        564.2497166720696, 
        282.1248583360348, 
        141.0624291680174
    ], 
    "originalPoint" : {
        "x" : -20037508.3427892, 
        "y" : 20037508.3427892
    }, 
    "resolutions" : [
        78271.51696402059, 
        39135.75848201029, 
        19567.879241005146, 
        9783.939620502573, 
        4891.969810251287, 
        2445.9849051256433, 
        1222.9924525628217, 
        611.4962262814108, 
        305.7481131407054, 
        152.8740565703527, 
        76.43702828517635, 
        38.21851414258818, 
        19.10925707129409, 
        9.554628535647044, 
        4.777314267823522, 
        2.388657133911761, 
        1.1943285669558805, 
        0.5971642834779403, 
        0.29858214173897013, 
        0.14929107086948507, 
        0.07464553543474253, 
        0.037322767717371266
    ], 
    "tileWidth" : NumberInt(256), 
    "mapStatusHashCode" : "", 
    "transparent" : false, 
    "mapParameter" : null, 
    "tileType" : "Image", 
    "tileFormat" : "JPG", 
    "bounds" : {
        "top" : 20037508.3427892, 
        "left" : -20037508.3427892, 
        "bottom" : -20037508.3427892, 
        "leftBottom" : {
            "x" : -20037508.3427892, 
            "y" : -20037508.3427892
        }, 
        "right" : 20037508.3427892, 
        "rightTop" : {
            "x" : 20037508.3427892, 
            "y" : 20037508.3427892
        }
    }, 
    "tileRuleVersion" : "1.0", 
    "prjCoordSys" : {
        "distanceUnit" : "METER", 
        "projectionParam" : {
            "centralParallel" : 0.0, 
            "firstPointLongitude" : 0.0, 
            "scaleFactor" : 0.9996, 
            "falseNorthing" : 0.0, 
            "centralMeridian" : 0.0, 
            "secondStandardParallel" : 0.0, 
            "secondPointLongitude" : 0.0, 
            "azimuth" : 0.0, 
            "falseEasting" : 0.0, 
            "firstStandardParallel" : 0.0
        }, 
        "epsgCode" : NumberInt(3857), 
        "coordUnit" : "METER", 
        "name" : "Sphere Mercator", 
        "projection" : {
            "name" : "SPHERE_MERCATOR", 
            "type" : "PRJ_SPHERE_MERCATOR"
        }, 
        "type" : "PCS_SPHERE_MERCATOR", 
        "coordSystem" : {
            "datum" : {
                "name" : "D_WGS_1984", 
                "type" : "DATUM_WGS_1984", 
                "spheroid" : {
                    "flatten" : 0.00335281066474748, 
                    "name" : "WGS_1984", 
                    "axis" : 6378137.0, 
                    "type" : "SPHEROID_WGS_1984"
                }
            }, 
            "unit" : "DEGREE", 
            "spatialRefType" : "SPATIALREF_EARTH_LONGITUDE_LATITUDE", 
            "name" : "GCS_WGS_1984", 
            "type" : "GCS_WGS_1984", 
            "primeMeridian" : {
                "longitudeValue" : 0.0, 
                "name" : "Greenwich", 
                "type" : "PRIMEMERIDIAN_GREENWICH"
            }
        }
    }, 
    "mapName" : "Map", 
    "tileHeight" : NumberInt(256), 
    "tilesetName" : "Map", 
    "tileversions" : [
        {
            "parent" : null, 
            "name" : "C98D4E14-F396-40C8-A6AD-D04E1CF0E88E", 
            "update" : {
                "scaleDenominators" : [
                    295829355.454566, 
                    147914677.727283, 
                    73957338.8636415, 
                    36978669.43182075, 
                    18489334.715910375, 
                    9244667.357955188, 
                    4622333.678977594, 
                    2311166.839488797, 
                    1155583.4197443984, 
                    577791.7098721992, 
                    288895.8549360996, 
                    144447.9274680498, 
                    72223.9637340249, 
                    36111.98186701245, 
                    18055.990933506226, 
                    9027.995466753113, 
                    4513.997733376556, 
                    2256.998866688278, 
                    1128.499433344139, 
                    564.2497166720696, 
                    282.1248583360348, 
                    141.0624291680174
                ], 
                "bounds" : {
                    "top" : 20037508.3427892, 
                    "left" : -20037508.3427892, 
                    "bottom" : -20037508.3427892, 
                    "leftBottom" : {
                        "x" : -20037508.3427892, 
                        "y" : -20037508.3427892
                    }, 
                    "right" : 20037508.3427892, 
                    "rightTop" : {
                        "x" : 20037508.3427892, 
                        "y" : 20037508.3427892
                    }
                }, 
                "resolutions" : [
                    78271.51696402059, 
                    39135.75848201029, 
                    19567.879241005146, 
                    9783.939620502573, 
                    4891.969810251287, 
                    2445.9849051256433, 
                    1222.9924525628217, 
                    611.4962262814108, 
                    305.7481131407054, 
                    152.8740565703527, 
                    76.43702828517635, 
                    38.21851414258818, 
                    19.10925707129409, 
                    9.554628535647044, 
                    4.777314267823522, 
                    2.388657133911761, 
                    1.1943285669558805, 
                    0.5971642834779403, 
                    0.29858214173897013, 
                    0.14929107086948507, 
                    0.07464553543474253, 
                    0.037322767717371266
                ]
            }, 
            "desc" : "Map", 
            "timestamp" : NumberLong(1548403928000)
        }
    ]
}
